curve,a,b,c,d,e
NI,0.00001399354,0.00010458841,0.99999866576,0.0,0.0
NI,0.00001399354,0.00010458841,0.99999866576,0.0,0.0